20181012_111106.jpg,20181012_111115.jpg
20181012_111147.jpg,20181012_111154.jpg
20181012_111313.jpg,20181012_111333.jpg
20181012_112012.jpg,20181012_112028.jpg
20181012_112206.jpg,20181012_112218.jpg
20181012_112350.jpg,20181012_112402.jpg
20181012_112424.jpg,20181012_112430.jpg
20181012_112442.jpg,20181012_112448.jpg
20181012_112515.jpg,20181012_112521.jpg
20181012_112542.jpg,20181012_112548.jpg
20181012_112943.jpg,20181012_112949.jpg
20181012_113013.jpg,20181012_113018.jpg
20181012_113126.jpg,20181012_113139.jpg
20181012_113343.jpg,20181012_113406.jpg
20181012_113513.jpg,20181012_113525.jpg
20181012_113545.jpg,20181012_113558.jpg
20181012_113627.jpg,20181012_113633.jpg
20181012_113838.jpg,20181012_113848.jpg
20181012_113903.jpg,20181012_113915.jpg
20181012_114806.jpg,20181012_114821.jpg
20181012_114856.jpg,20181012_114908.jpg
20181012_115203.jpg,20181012_115214.jpg
20181012_115239.jpg,20181012_115251.jpg
20181012_115335.jpg,20181012_115412.jpg
20181012_115734.jpg,20181012_115746.jpg
20181012_115815.jpg,20181012_115823.jpg
20181012_115833.jpg,20181012_115838.jpg
20181012_120106.jpg,20181012_120113.jpg
20181012_120124.jpg,20181012_120137.jpg
20181012_120205.jpg,20181012_120214.jpg
20181012_120227.jpg,20181012_120233.jpg
20181012_120411.jpg,20181012_120422.jpg
20181012_120433.jpg,20181012_120439.jpg
20181012_120656.jpg,20181012_120703.jpg
20181012_120711.jpg,20181012_120722.jpg
20181012_120740.jpg,20181012_120745.jpg
20181012_122253.jpg,20181012_122305.jpg
20181012_122318.jpg,20181012_122325.jpg
20181012_122403.jpg,20181012_122412.jpg
20181012_122423.jpg,20181012_122430.jpg
20181012_122736.jpg,20181012_122746.jpg
20181012_122829.jpg,20181012_122854.jpg
20181012_122904.jpg,20181012_122914.jpg
20181012_122934.jpg,20181012_122942.jpg
20181012_122955.jpg,20181012_123004.jpg
20181012_123137.jpg,20181012_123147.jpg
20181012_123203.jpg,20181012_123212.jpg
20181012_123254.jpg,20181012_123301.jpg
20181012_123327.jpg,20181012_123334.jpg
20181012_123401.jpg,20181012_123406.jpg
20181012_123417.jpg,20181012_123425.jpg
20181012_123508.jpg,20181012_123516.jpg
20181012_123558.jpg,20181012_123606.jpg
20181012_124057.jpg,20181012_124107.jpg
20181012_124122.jpg,20181012_124129.jpg
20181012_124208.jpg,20181012_124216.jpg
20181012_124244.jpg,20181012_124253.jpg
20181012_124327.jpg,20181012_124332.jpg
20181012_124342.jpg,20181012_124347.jpg
20181012_125119.jpg,20181012_125124.jpg
20181012_125136.jpg,20181012_125146.jpg
20181012_125159.jpg,20181012_125211.jpg
20181012_125222.jpg,20181012_125237.jpg
20181012_125421.jpg,20181012_125427.jpg
20181012_125516.jpg,20181012_125528.jpg
20181012_125544.jpg,20181012_125559.jpg
20181012_125608.jpg,20181012_125616.jpg
20181012_125638.jpg,20181012_125644.jpg
20181012_125658.jpg,20181012_125707.jpg
